sentence_number,exact_text,cited_evidence_ids,every_cited_id_exists_in_packet,support,supporting_excerpt,date_accuracy,person_attribution_accuracy,quoted_forwarded_accuracy,plan_versus_completed,emotion_motive_significance,chronological_placement,notes,severity
1,"In the late autumn of 2006, as the chill of winter began to settle in, Peg Legg found herself immersed in the flurry of holiday preparations.",[],True,partially_supported,Peg emails from 2006-11-07 onward discuss Christmas lists and shopping (e.g. T-0333 / 54e1bfd3…). The packet also begins 2005-12-10.,partial — holiday prep in Nov 2006 is in the packet; 'late autumn of 2006' as the opening frame omits 2005 and 2007 dates,Peg Legg is the usual author of the shopping emails,n/a,"preparations are ongoing plans, not a completed holiday","inferred — 'chill of winter', 'immersed', 'flurry' are not stated as weather/mood facts in that sentence's implied sources",compresses a 2005–2007 packet into late 2006,No citation. Atmosphere invented.,high
2,"Her emails reveal a meticulous and affectionate approach to the season, as she meticulously curated gift lists for her family, ensuring that each person received something thoughtful and personal.",[],True,partially_supported,"Peg tracks lists and purchases (wallet for Lars, sweater for Matt, DVDs, etc.).",not dated in the sentence,Peg,n/a,unsupported completed outcome — 'ensuring that each person received' treats planned/purchased gifts as received,inferred meticulous/affectionate/thoughtful/personal,generic holiday season,Gift-list work is in the packet; completed receipt and personality claims are not.,high
3,"Peg’s correspondence with Tom Will, her brother, highlights the collaborative effort involved in selecting gifts, with Tom providing a master list that detailed who was giving what to whom.",[],True,supported,"Tom Will, 2006-11-07, 'xmas list - your eyes only!' (0e7dc382… / 6f1b61ef…): 'OK, here's the master list with the name of the person, the gift and who is giving it.' Peg calls him 'little brother' in T-0448 (e17a1c58…).",undated in sentence; list is 7 Nov 2006,Tom authored the master list; Peg authored brother address,does not confuse Tom's list with Peg's words,"list is a plan, correctly treated as selecting gifts",none beyond 'collaborative',ok if remaining in Nov 2006,Strongest factual sentence. Still uncited.,medium
4,"This shared responsibility reflected the close-knit nature of their family, where even the smallest gestures were appreciated.",[],True,unsupported,None states 'close-knit' or that smallest gestures were appreciated as a family fact.,n/a,family as a unit invented as character,n/a,n/a,invented significance,n/a,Prompt forbids stating significance as fact without evidence.,high
5,"Peg’s enthusiasm for the holiday season was palpable, as she eagerly awaited the arrival of Christmas and the opportunity to reunite with her loved ones.",[],True,partially_supported,Peg writes she looks forward to everyone being together (e.g. T-0416 / cc531354… 'That's is what I treasure most').,not specified,Peg,n/a,awaiting Christmas is a plan/anticipation,overstates 'palpable enthusiasm' and 'eagerly' as narrator fact,pre-Christmas,Some looking-forward language exists; 'palpable' is invented atmosphere.,high
6,"Her emails often included updates on her shopping progress, from ordering DVDs and books to searching for the perfect gifts for her family members.",[],True,partially_supported,"Peg orders DVDs (Giant, Gypsy, African Queen, Twin Towers) and books (Southern Living, Grisham).",n/a,Peg,n/a,ordering is in progress; 'perfect gifts' is inferred,'perfect' inferred,shopping sequence exists across November–December 2006,DVD/book shopping is real. Uncited.,medium
7,"She was particularly excited about the prospect of giving her father a new DVD player, a gift that would allow him to enjoy his favorite movies in comfort.",[],True,partially_supported,"Peg, planning shopping: 'Ange and I are going to T later to fetch the DVD/VCR player they have on sale for $90 for us to give to Dad. Is alright?' That is a plan, not a completed gift. The packet also discusses DVD movies as gifts.",n/a,father/Dad is correct,n/a,treats a planned Target run as a settled gift purpose; does not prove the player was purchased or given,invented 'particularly excited' and 'enjoy his favorite movies in comfort',n/a,"Object is in the packet as a planned DVD/VCR player, not invented. Emotion and completed-purpose language remain unsupported.",high
8,"Peg also expressed her desire to give her brother, Tom, a gift that would be meaningful to him, showing her deep understanding of his interests and preferences.",[],True,partially_supported,Peg asks Tom for his list ('I'm missing YOUR list!!' T-0407 / 2bf9eacd…). She does not spell out a single chosen gift for Tom in the audited sentences.,n/a,brother Tom is supportable,n/a,desire/list request is a plan,'meaningful' and 'deep understanding' inferred,n/a,Asking for Tom's list is real; mind-reading is not.,high
9,"The holiday season was not without its challenges, as Peg faced the inconvenience of a malfunctioning car, which threatened to disrupt her plans.",[],True,supported,"Check-engine light, AutoZone/dealer, throttle-module software (T-0445 / T-0451). Peg feared missing shopping and travel.","mid-December 2006 in the packet, not stated",Peg's car,n/a,malfunction occurred; disruption of plans is feared more than proven as a missed gathering,'inconvenience' is milder than Peg's 'driving me crazy' but not invented,ok among December events,Car trouble is in the packet. Uncited.,medium
10,"Despite this, she remained optimistic and determined, ensuring that she would be able to complete her shopping and make it to the family gatherings.",[],True,unsupported,Optimism/determination are narrator labels. Completing all shopping and attending gatherings is not established as a finished outcome by this sentence.,n/a,Peg,n/a,treats plans as ensured completed events,invented inner states,n/a,Saturday at Dad's later occurs in other messages; this sentence still overclaims.,high
11,Her emails reveal a sense of urgency and excitement as she worked to finalize her lists and make sure that everyone received something they would cherish.,[],True,partially_supported,Peg is often last-minute and chasing lists. 'Everyone received something they would cherish' is a completed-outcome claim.,n/a,Peg,n/a,received/cherish is unsupported completion,urgency/excitement inferred,n/a,,high
12,"As the days leading up to Christmas approached, Peg’s emails reflected a growing sense of anticipation and joy.",[],True,unsupported,No packet line says her emails 'reflected growing anticipation and joy' as a measured change.,pre-Christmas window exists,Peg,n/a,n/a,invented emotional arc,pre-Christmas only; omits May 2007 and Dec 2007 packet tail,,high
13,"She was looking forward to the family gatherings, the shared meals, and the warmth of being together.",[],True,partially_supported,Peg looks forward to being together and putting dinner together at Dad's (T-0445 / T-0448).,not specified,Peg,n/a,looking forward is a plan; 'warmth' is inferred,warmth inferred,Christmas 2006 gatherings,,medium
14,Her correspondence with Tom and the rest of her family was filled with affection and a deep sense of gratitude for the time they had together.,[],True,partially_supported,Peg writes 'My love to all' often and thanks Tom after Saturday (T-0448). 'Filled with' and 'deep sense of gratitude for the time they had together' overgeneralize.,n/a,does not steal Tom's MS-150 words,ok,gratitude after an event is later in packet; here it is a blanket trait,overstated,n/a,,medium
15,"Peg’s holiday season was a time of love, preparation, and the joy of giving, all of which were evident in her heartfelt messages to her family.",[],True,unsupported,"Theme sentence. Packet also contains flu, power outage, missed graduation, car repair, ice storm — not summarized.",reduces 2005–2007 to one holiday season,Peg,n/a,treats the season as a completed moral,invented summary significance,wrong grain for the packet span,Closing moralizes. No partial-context disclosure.,critical
